{
  "xgboost": {
    "val": {
      "mae": 0.00871924790665231,
      "rmse": 0.011557157756562086,
      "mape": 1.1704280874066475,
      "r2": 0.9983827868821825
    },
    "test": {
      "mae": 0.008565864363343256,
      "rmse": 0.012455365739509327,
      "mape": 0.7730549358808664,
      "r2": 0.9978176474472071
    }
  },
  "lightgbm": {
    "val": {
      "mae": 0.015251399473494123,
      "rmse": 0.02227061690282827,
      "mape": 2.039021367454832,
      "r2": 0.9939947697028689
    },
    "test": {
      "mae": 0.013560149462925173,
      "rmse": 0.019133279961305514,
      "mape": 1.2310582768332194,
      "r2": 0.9948501948880157
    }
  },
  "random_forest": {
    "val": {
      "mae": 0.007553354531125294,
      "rmse": 0.010589373820332967,
      "mape": 1.0174137786878459,
      "r2": 0.9986422940163099
    },
    "test": {
      "mae": 0.010562906948648313,
      "rmse": 0.013634818052108855,
      "mape": 1.0037929474670275,
      "r2": 0.9973847655081438
    }
  },
  "sarimax": {
    "val": {
      "mae": 0.00905125940893381,
      "rmse": 0.011022275071458549,
      "mape": 1.2564134827517563,
      "r2": 0.9985290169699059
    },
    "test": {
      "mae": 0.013980610641395974,
      "rmse": 0.01771418903707307,
      "mape": 1.2202982417168908,
      "r2": 0.9955857747419046
    }
  },
  "n_beats": {
    "val": {
      "mae": 0.21253138780593872,
      "rmse": 0.26910575507933776,
      "mape": 30.78567683696747,
      "r2": 0.12317860126495361
    },
    "test": {
      "mae": 0.4983671307563782,
      "rmse": 0.5797271180302848,
      "mape": 39.43488299846649,
      "r2": -3.7278008460998535
    }
  }
}