Model,Val MAE,Val RMSE,Val MAPE,Val R²,Test MAE,Test RMSE,Test MAPE,Test R²,Val Rank,Test Rank,Avg Rank
Random Forest,0.007552,0.010587,1.017231,0.998643,0.010557,0.013631,1.003095,0.997386,1.0,2.0,1.5
XGBoost,0.008719,0.011557,1.170428,0.998383,0.008566,0.012455,0.773055,0.997818,3.0,1.0,2.0
SARIMAX,0.009051,0.011022,1.256413,0.998529,0.013981,0.017714,1.220298,0.995586,2.0,3.0,2.5
LightGBM,0.015251,0.022271,2.039021,0.993995,0.01356,0.019133,1.231058,0.99485,4.0,4.0,4.0
N-BEATS,0.212531,0.269106,30.785677,0.123179,0.498367,0.579727,39.434883,-3.727801,5.0,5.0,5.0
