{
  "naive": {
    "val": {
      "mae": 0.1418061488961944,
      "rmse": 0.22186166862327797,
      "mape": 16.75358158792207,
      "r2": 0.4040226944082782
    },
    "test": {
      "mae": 0.26112813343864827,
      "rmse": 0.36308242569822974,
      "mape": 23.371750463049498,
      "r2": -0.8544810422914817
    }
  },
  "moving_avg": {
    "val": {
      "mae": 0.14681539363682752,
      "rmse": 0.206632184111022,
      "mape": 20.455067043530757,
      "r2": 0.48303504312926904
    },
    "test": {
      "mae": 0.2234078471143688,
      "rmse": 0.3004713893466139,
      "mape": 20.364101345838677,
      "r2": -0.270042317596914
    }
  },
  "prophet": {
    "val": {
      "mae": 0.1892492781654274,
      "rmse": 0.2446635017509218,
      "mape": 29.771222720896596,
      "r2": 0.2752244285864822
    },
    "test": {
      "mae": 0.22060916899946384,
      "rmse": 0.3019099699502868,
      "mape": 20.75257676775818,
      "r2": -0.28223270945452716
    }
  },
  "lstm": {
    "val": {
      "mae": 0.145505095324625,
      "rmse": 0.1859600062131546,
      "mape": 17.432606467009304,
      "r2": -0.20585654970793343
    },
    "test": {
      "mae": 0.19096767453141333,
      "rmse": 0.26138163659946306,
      "mape": 16.745026748823623,
      "r2": -0.24311344269928736
    }
  },
  "sarima": {
    "val": {
      "mae": 0.37442996336117773,
      "rmse": 0.4444184746706819,
      "mape": 47.350523829640956,
      "r2": -1.3913843421954093
    },
    "test": {
      "mae": 0.28319766878844876,
      "rmse": 0.3468016925141558,
      "mape": 22.62457847509699,
      "r2": -0.6918987057846979
    }
  }
}